protein_id	tier	structure_evidence_score	foldseek_best_hit	foldseek_pident
jgi-Lbo_TFB10827_1-1775501-fgenesh1_kg.210_#_57_#_TRINITY_DN3724_c0_g2_i2	gray_zone	0.624	A0A7H8QK02	73.1
jgi-Trich5757_1-167830-CE167829_3873	gray_zone	0.6646	A0A8H8T2A6	77.0
jgi-HypEC38_3-327054-e_gw1.8.123.1	gray_zone	0.6347	A0A9Q8WAU1	71.1
jgi-Triam1-301649-CE301648_20813	gray_zone	0.8025	WIA18545.1	51.7
jgi-Paxru2-830172-Paxru1.fgenesh1_kg.480_#_16_#_Locus1108v1rpkm153.77	gray_zone	0.6422	A0A160T059	58.2
jgi-Linth1-590794-fgenesh1_pm.36_#_34	gray_zone	0.6955	A0A899G6P5	64.5
jgi-Asprub1-164161-estExt_Genewise1Plus.C_2090014	gray_zone	0.6873	A0A9Q9DPK0	59.9
jgi-Myclep1-1716856-estExt_Genewise1Plus.C_3490030	gray_zone	0.6479	A0A8H8P736	57.5
jgi-Pincor1_1-96443-CE96442_3134	gray_zone	0.7801	A0A8F2W220	69.0
jgi-Suivar1-1540653-gm1.9362_g	gray_zone	0.6154	A0A7H8QK02	68.4
jgi-Aspneoi1-72895-CE72894_1613	gray_zone	0.6107	A0A3M6VGR8	51.4
jgi-Pgt_201_B1-7844-rna-gnl-WGS:VSWC-PGT21_001816-T1_mrna	gray_zone	0.6116	QWU90274.1	44.8
jgi-Morbrun1-484295-fgenesh1_kg.4_#_259_#_TRINITY_DN6858_c0_g3_i2	gray_zone	0.6601	UOH82475.1	72.8
jgi-XylFL2044-427874-CE427873_13370	gray_zone	0.6531	A0A9Q8WAU1	69.7
jgi-Settu3-122795-Settu1.estExt_Genewise1.C_8_t10050	gray_zone	0.6777	A0A9Q8WMR9	53.3
jgi-Stael1-413180-fgenesh1_pg.15_#_130	gray_zone	0.7129	A0A7U2MZ50	49.5
jgi-Fusavent1-822892-fgenesh1_pm.3_#_36	gray_zone	0.6917	A0A8H8P5D7	66.3
jgi-Suigla1-2075338-gm4.23041_g	gray_zone	0.7234	A0A8D9CM86	71.4
jgi-Ilyeu1-477476-e_gw1.4.528.1	gray_zone	0.6191	A0A7G5JCU4	67.8
jgi-Fuspr1-7436-transcript:CVL09730	gray_zone	0.6471	A0A0A1MFJ7	59.9
jgi-Zancul2-4283-AX774_g2533T0	gray_zone	0.8731	A0A7H8R1M2	75.9
jgi-Cersam1-318613-fgenesh1_kg.36_#_37_#_TRINITY_DN10937_c0_g1_i1	gray_zone	0.6886	QWU87570.1	64.0
jgi-Pbif18543_1-377898-fgenesh1_kg.18_#_154_#_TRINITY_DN4258_c0_g1_i1	gray_zone	0.6313	A0A7H8QQC8	73.2
jgi-Cyaste1-306558-fgenesh1_pm.136_#_44	gray_zone	0.6011	ULT88936.1	51.8
jgi-Rhivul1-754458-fgenesh1_kg.1_#_1260_#_TRINITY_DN1966_c0_g1_i1	gray_zone	0.6058	K8ELT8	44.9
jgi-Aspaur1-163032-fgenesh1_kg.26_#_245_#_TRINITY_DN3327_c0_g2_i1	gray_zone	0.6123	A0A9Q8Z7W0	49.6
jgi-Stalo1-37343-gm4.8314_g	gray_zone	0.6232	A0A8H8NQI3	51.7
jgi-Chabre1-167439-fgenesh1_kg.51_#_22_#_TRINITY_DN5681_c1_g1_i1	gray_zone	0.8221	A0A8S2B1C7	74.6
jgi-FvanT219_1-339633-gm1.7591_g	gray_zone	0.61	A0A8H8NR81	55.9
jgi-Fusox32931-3655-rna-gnl-WGS:AFML-mrna_FOYG_14902T0	gray_zone	0.8087	A0A7H8RC90	54.9
jgi-Aspber1-257042-fgenesh1_kg.27_#_100_#_TRINITY_DN4860_c0_g1_i1	high_confidence_non_cazyme	0.6179	A0A6M7ZRF1	74.6
jgi-Asppet1-272269-fgenesh1_kg.132_#_96_#_TRINITY_DN6461_c0_g1_i1	gray_zone	0.9148	WEJ95743.1	61.6
jgi-Leucr1-328801-gm1.1289_g	gray_zone	0.6064	A0A385BR82	66.9
jgi-Asparx1-214398-gm1.9443_g	gray_zone	0.6667	A0A8S1ZP17	67.6
jgi-Penth1-192292-estExt_Genemark1.C_2060012	gray_zone	0.7674	A0A9Q8T5U2	53.9
jgi-Sacpr1-72030-fgenesh1_pm.3_#_511	gray_zone	0.6923	A0A7S8DN07	73.4
jgi-Asppha1-13258-e_gw1.138.2.1	gray_zone	0.6666	UJR30406.1	69.5
jgi-XylFL0662B-580229-fgenesh1_kg.39_#_165_#_TRINITY_DN4533_c0_g1_i1	gray_zone	0.758	A0A7H8QMI3	69.0
jgi-Triham1-1286-D551_00002881-RA	gray_zone	0.6246	K8ELT8	48.2
jgi-Tryvi1-451189-e_gw1.51.131.1	gray_zone	0.679	A0A5K1JRG7	62.1
jgi-Antser1-888666-e_gw1.198.12.1	gray_zone	0.6359	A0A8H8P723	58.5
jgi-Asphethal1-261502-fgenesh1_kg.49_#_104_#_TRINITY_DN4347_c0_g1_i2	gray_zone	0.6636	A0A8S2ADH0	66.4
jgi-Trichl1-315533-fgenesh1_kg.42_#_37_#_TRINITY_DN2453_c0_g1_i4	gray_zone	0.8515	WEJ95743.1	64.6
jgi-Mycmet1-1492185-fgenesh1_kg.2_#_902_#_TRINITY_DN11241_c0_g1_i1	gray_zone	0.69	A0A8H8P5D7	67.3
jgi-Aspaurlut1-286922-fgenesh1_kg.76_#_65_#_TRINITY_DN8876_c0_g1_i1	gray_zone	0.6641	A0A6L9JGG6	67.3
jgi-Triatr1-31322-CE31321_721	gray_zone	0.6465	A0A8H8T062	52.2
jgi-Papla1-462870-estExt_Genewise1Plus.C_4_t10430	gray_zone	0.6087	QYO62262.1	67.1
jgi-Cersc1-459516-MIX7642_1551_96	gray_zone	0.6016	K8EML4	59.8
jgi-Colac2-728062-estExt_fgenesh1_pg.C_170085	gray_zone	0.6209	A0A7H8QK02	70.7
jgi-Corin1-41308-gm1.10382_g	gray_zone	0.7358	A0A6L9JRK9	39.8
jgi-Rhima1-3423-transcript:KIX08776	gray_zone	0.619	A0A8H8SZN1	55.6
jgi-Aspbrevi1-272989-MIX5912_1039_81	gray_zone	0.8482	A0A9Q8T8N0	65.4
jgi-Suidis1-710999-fgenesh1_kg.55_#_411_#_TRINITY_DN6772_c0_g1_i2	gray_zone	0.7375	A0A8H8NMR2	64.7
jgi-Aspang1-939564-fgenesh1_kg.28_#_163_#_TRINITY_DN7477_c0_g2_i1	gray_zone	0.6503	A0A8S2AFL3	55.5
jgi-Polsie1-892347-MIX15631_2_21	gray_zone	0.6788	A0A7R9A7P4	61.0
jgi-Ganleu1-1058371-fgenesh1_pg.9_#_136	gray_zone	0.7204	C7Q3P2	60.3
jgi-Amore1-135301-estExt_Genewise1Plus.C_3_t10452	gray_zone	0.6337	A0A8S2AJS5	69.1
jgi-Lacbi2-449932-gm1.14376_g	gray_zone	0.6027	Q5AUD3	49.1
jgi-Aspses1-289691-fgenesh1_pm.2_#_94	gray_zone	0.6294	A0A6M7ZQI8	72.3
jgi-Pilidi1-497888-MIX10304_69134_38	gray_zone	0.7714	A0A8S2AZU5	63.0
jgi-IsorIO21_1-102523-fgenesh1_kg.7_#_185_#_TRINITY_DN49_c0_g2_i2	gray_zone	0.6042	A0A7S8D775	59.6
jgi-XyFL0641_1-767861-fgenesh1_kg.203_#_5_#_TRINITY_DN2150_c0_g1_i1	gray_zone	0.7231	A0A890D8Z7	79.6
jgi-Armcep1-8157-mRNA_ARCE_09248_g_ARCE_09248_g	gray_zone	0.707	Q7XWL1	44.6
jgi-Boled5-3651784-gm1.13273_g	gray_zone	0.6392	A0A899FYG3	72.5
jgi-Phapo1-287347-CE287346_2471	gray_zone	0.6579	A0A7H8RF34	79.7
jgi-Penfr1-9070-transcript:KUM56155	gray_zone	0.6653	A0A6M7ZQI8	75.9
jgi-Cyastr2-1391596-fgenesh1_pm.46_#_39	gray_zone	0.7546	A0A899FR51	65.4
jgi-Suibov1-1260214-MIX857_6511_23	gray_zone	0.6366	A0A9Q8T0R6	62.4
jgi-Greabi1-425777-fgenesh1_kg.6_#_698_#_TRINITY_DN17964_c0_g1_i3	gray_zone	0.7087	A0A8H8P5D7	71.0
jgi-Penswi1-104394-CE104393_5171	gray_zone	0.7786	A0A9P9K3K3	80.3
jgi-Aspsim1_1-183321-fgenesh1_kg.22_#_131_#_TRINITY_DN12136_c0_g1_i1	high_confidence_non_cazyme	0.6174	A0A6L9JGG6	59.2
jgi-Claim1-149486-PV07_08117T0	high_confidence_non_cazyme	0.6231	A0A6L9JGG6	62.6
jgi-Cokrec1-517014-fgenesh1_kg.22_#_233_#_TRINITY_DN2624_c0_g1_i1	gray_zone	0.732	A0A160T068	77.8
jgi-Triam1-408525-fgenesh1_kg.5_#_1821_#_TRINITY_DN5634_c1_g1_i1	gray_zone	0.6026	A0A8D9MJ76	55.7
jgi-Fusoxrad1-24064-rna-gnl-WGS:AGNB-mrna_FOCG_10730T0	gray_zone	0.6483	A0A2V1AHX1	57.2
jgi-Aspneow1-48417-CE48416_10240	gray_zone	0.6115	A0A9Q8WAU1	64.5
jgi-Triru1-5376-TERG_04056T0	gray_zone	0.6875	A0A7H8R5I2	83.5
jgi-Irplac1183_1-1851697-MIX51601_5781_83	gray_zone	0.6157	A0A8H8NVK9	47.7
jgi-Pismar1-2875935-estExt_fgenesh1_pm.C_10160	gray_zone	0.7368	A0A2N1JGS9	75.7
jgi-FvanT299_1-314639-estExt_Genewise1Plus.C_2_t30353	gray_zone	0.7373	A0A8H8SZN1	47.5
jgi-Erypi2-2311793-e_gw1.23.84.1	gray_zone	0.662	A0A9Q8WER7	65.7
jgi-Stael1-470135-estExt_fgenesh1_pm.C_110069	high_confidence_non_cazyme	0.6469	A0A7H8QMU0	59.2
jgi-FenlinCB54_1-665420-estExt_fgenesh1_pg.C_160116	high_confidence_non_cazyme	0.6072	A0A9Q8WAU1	69.3
jgi-ColoR110_1-88994-estExt_Genewise1Plus.C_50017	gray_zone	0.6834	WEJ95735.1	77.2
jgi-Mycpol1-1273921-fgenesh1_pm.106_#_111	gray_zone	0.6899	Q7S6W4	69.6
jgi-Cucbe1-320352-estExt_Genewise1.C_5_t50494	gray_zone	0.6314	A0A2G5UV03	63.4
jgi-Parfim1-624017-estExt_Genewise1.C_2_t10420	gray_zone	0.6209	A0A8H8T062	48.0
jgi-Fusdim1-371767-MIX1036_17_24	gray_zone	0.8068	A0A7H8RC90	54.8
jgi-Exigl1-739200-estExt_fgenesh1_pm.C_390002	gray_zone	0.6154	A0A4D6NUZ0	68.4
jgi-Asppern1-221874-gm1.6553_g	gray_zone	0.7519	A0A6L9JRK9	39.7
jgi-Psehy1-479279-fgenesh1_kg.15_#_196_#_Locus8234v1rpkm3.10	gray_zone	0.6894	A0A8S2B2W4	59.4
jgi-Chabre1-165727-fgenesh1_kg.36_#_122_#_TRINITY_DN2269_c0_g2_i1	high_confidence_non_cazyme	0.646	A0A834VD39	71.0
jgi-Cercau1-593524-MIX21309_172_53	gray_zone	0.7159	A0A7S8DN07	77.7
jgi-Aspcib1-33209-e_gw1.42.81.1	gray_zone	0.6208	A0A9Q8WAU1	71.2
jgi-Blader1-6581-transcript:OAT00880	gray_zone	0.603	A0A6H0XZ09	73.0
jgi-Penla1-381858-fgenesh1_kg.3_#_834_#_Locus7888v1rpkm2.76	gray_zone	0.6352	A0A6M7ZRF1	76.3
jgi-Fusox32931-6559-rna-gnl-WGS:AFML-mrna_FOYG_02362T0	gray_zone	0.6144	A0A974WK59	54.6
jgi-Stely1-1066-TW65_01044T0	gray_zone	0.7012	E5A9A4	67.0
jgi-FopisF105_1-334902-gm1.2283_g	gray_zone	0.62	A0A7D5ZAS3	51.4
jgi-HypCI4A_1-13421-gm1.6848_g	gray_zone	0.6736	A0A6M7ZQI8	77.6
jgi-Aspcor1-26783-CE26782_2156	gray_zone	0.7386	UJR30406.1	80.5
jgi-Polar1-306288-CE306287_286	gray_zone	0.6654	A0A6M7ZQI8	77.4
jgi-Aspsac1-135335-CE135334_1808	gray_zone	0.7973	A0A3P6D3E5	58.2
jgi-Daralp1-224268-CE224267_17137	gray_zone	0.6021	A0A4D6NUZ0	68.5
jgi-Kredeu1-489396-fgenesh1_pm.21_#_63	gray_zone	0.6455	A0A125V937	55.3
jgi-Asppterr1-53558-CE53557_2857	gray_zone	0.8108	A0A7R9FS03	63.3
jgi-Polsqu1-664005-fgenesh1_kg.121_#_108_#_TRINITY_DN13075_c0_g1_i2	gray_zone	0.6556	A0A8H8T062	52.9
jgi-Crywi1-570147-fgenesh1_kg.84_#_87_#_TRINITY_DN3563_c2_g1_i8	gray_zone	0.8249	A0A8S2B1C7	75.5
jgi-Exool1-135810-PV06_10794T0	gray_zone	0.7418	A0A517L0X3	58.2
jgi-Trialn1-226664-CE226663_25854	gray_zone	0.7248	A0A8S2AZU5	55.7
jgi-Trice1-516919-MIX4968_10_11	gray_zone	0.7439	A0A6L9JRK9	40.1
jgi-Aspisr1-21745-gm1.284_g	gray_zone	0.666	A0A9Q9RJ02	68.4
jgi-TriTUC5505_1-354225-fgenesh1_kg.5_#_661_#_TRINITY_DN4092_c0_g1_i2	gray_zone	0.6119	A0A1S9DVV1	71.0
jgi-Aspoli1_1-198524-fgenesh1_kg.154_#_43_#_TRINITY_DN6304_c0_g2_i1	gray_zone	0.7711	A0A9Q8LK40	70.6
jgi-Aspwak1-90031-CE90030_2010	gray_zone	0.6309	A0A9W8R2E6	72.7
jgi-Aspchris1-462272-fgenesh1_kg.24_#_241_#_TRINITY_DN36902_c0_g1_i1	gray_zone	0.8688	A0A4P7BYU0	64.4
jgi-Asppri1-384639-gm1.5344_g	gray_zone	0.657	A0A8S2ARC9	48.3
jgi-Tetpha1-4788-TPHA0H01660-1	gray_zone	0.6668	A0A097JTP8	80.5
jgi-Lennov1-71913-fgenesh1_pm.77_#_3	gray_zone	0.6741	A0A8H8P5D7	65.2
jgi-Rhier1-574748-e_gw1.24.92.1	gray_zone	0.6308	A0A7H8QKC9	59.4
jgi-Colph1-307388-e_gw1.1.1416.1	gray_zone	0.7033	K8EL64	66.4
jgi-Bacci1-288216-fgenesh1_kg.212_#_5_#_Locus458v1rpkm441.27	gray_zone	0.6436	A0A7T0JS56	69.7
jgi-Disdec1-682458-fgenesh1_kg.2_#_2392_#_TRINITY_DN3183_c0_g1_i2	gray_zone	0.7624	A0A8H8NMR2	57.7
jgi-CopCBS38678_1-175868-CE175867_4083	gray_zone	0.6373	A0A7H8QT70	74.4
jgi-Fusprol1-215152-fgenesh1_kg.7_#_534_#_TRINITY_DN22816_c0_g1_i1	gray_zone	0.6403	A0A2P7YX82	65.0
jgi-Pdis17420_1-260424-fgenesh1_kg.13_#_304_#_TRINITY_DN3748_c0_g1_i4	gray_zone	0.6879	Q8Z2Z9	70.6
jgi-Aspang1-911058-fgenesh1_kg.1_#_58_#_TRINITY_DN7628_c0_g1_i1	gray_zone	0.7067	A0A7R9BDC7	55.4
jgi-Aspbip1-285448-fgenesh1_pm.42_#_57	gray_zone	0.6176	A0A7H8QMR0	50.4
jgi-Pcom16775_1-159782-CE159781_4521	gray_zone	0.6942	A0A9Q9DR53	61.3
jgi-Pycco1662_1-923617-estExt_Genemark1.C_110105	gray_zone	0.8064	A0A075G076	55.1
jgi-Armosto1-258982-mRNA_AROS_17238_AROS_17238	gray_zone	0.6933	Q7XWL1	40.9
jgi-Penpol1-4170-PENPOL_c002G07643T0	gray_zone	0.6208	A0A9Q8WAU1	65.3
jgi-MospKOD1030_1-1566-BGZ74_001585-T1	gray_zone	0.6987	WEJ95743.1	48.9
jgi-Fuspse1-491222-gm4.10209_g	gray_zone	0.6886	A0A8H8P5D7	68.8
jgi-Ascap1-3600-transcript:KZZ96211	gray_zone	0.7703	A0A8S2AZU5	62.9
jgi-Lacqui1-1771420-fgenesh1_pm.59_#_18	gray_zone	0.6177	A0A8H8NSE9	70.9
jgi-Boled5-3551305-fgenesh1_kg.25_#_528_#_Locus13144v2rpkm9.27	high_confidence_non_cazyme	0.6072	A0A1S9DVV1	70.2
jgi-Extant1-533691-e_gw1.21.106.1	gray_zone	0.7657	A0A8H8SRQ2	64.0
jgi-Armbor1-625494-CE625493_24780	gray_zone	0.8179	A0A7R9BUJ4	57.0
jgi-MoepN5512_1-9319-BGZ94_009412-T1	gray_zone	0.6325	A0A8S2AJS5	68.6
jgi-Morel_U14_1-538537-estExt_Genemark1.C_170200	gray_zone	0.671	A0A8H8T062	53.0
jgi-Lacbi9312_2-538570-CE538569_1280	gray_zone	0.6294	A0A7H8QT70	73.1
jgi-Aspisr1_1-202703-fgenesh1_kg.105_#_1_#_TRINITY_DN9865_c0_g1_i1	gray_zone	0.6671	A0A6M7YVQ6	56.7
jgi-Schco2251_1-292255-fgenesh1_pm.93_#_7	high_confidence_non_cazyme	0.7608	A0A097F8I3	55.7
jgi-Morfluv1-735818-fgenesh1_kg.2_#_2922_#_TRINITY_DN297_c1_g1_i1	gray_zone	0.6955	A0A8D9MIV1	46.7
jgi-Aspfla1-233378-fgenesh1_kg.84_#_112_#_TRINITY_DN2812_c0_g1_i1	gray_zone	0.6266	A0A517LFT9	61.6
jgi-Aspcal1-771229-ASPCAL09228	gray_zone	0.6018	A0A9W8R2E6	71.4
jgi-Fusoxrad1-13620-rna-gnl-WGS:AGNB-mrna_FOCG_03857T0	gray_zone	0.6227	A8WQ62	57.3
jgi-Aspneow1-186798-fgenesh1_kg.9_#_456_#_TRINITY_DN2040_c0_g1_i1	gray_zone	0.6842	A0A7R8X4I3	67.2
jgi-Schque1-104159-fgenesh1_kg.5_#_207_#_TRINITY_DN389_c0_g3_i1	gray_zone	0.6092	A0A160SXU2	56.9
jgi-Conioc1-1178890-fgenesh1_pm.37_#_4	gray_zone	0.7578	A0A9Q8T7M0	53.9
jgi-Pcas15300_1-329679-MIX2034_6412_99	gray_zone	0.8035	A0A7H8RC90	53.7
jgi-Colce1-757900-estExt_fgenesh1_pm.C_550020	gray_zone	0.6622	A0A9Q8WP62	41.5
jgi-Aspsubr1-300433-gm1.4589_g	gray_zone	0.7377	A0A8H8NMR2	63.7
jgi-FvanT31_1-365940-gm1.8047_g	gray_zone	0.6139	QYO62262.1	67.1
jgi-MoanKOD1229_1-5486-BGZ75_005571-T1	gray_zone	0.6692	A0A8H8T062	56.5
jgi-Denna1-491218-estExt_Genewise1Plus.C_10_t30063	gray_zone	0.7459	A0A2U9C9T3	60.0
jgi-Idrluna1-839802-fgenesh1_kg.6_#_2269_#_TRINITY_DN2009_c0_g1_i1	gray_zone	0.6368	A0A815QM16	74.4
jgi-Annmin1-288528-CE288527_4189	gray_zone	0.6416	A0A7S8CZV9	71.0
jgi-Lenrap1_155-92870-fgenesh1_pm.58_#_17	gray_zone	0.6059	A0A8H8T062	48.3
jgi-Ser400_1-1195251-gm1.1573_g	gray_zone	0.8115	A0A8H8P159	71.0
jgi-Pbif18543_1-405468-gm4.4404_g	gray_zone	0.6583	WFD20538.1	77.5
jgi-Asppul1-478364-fgenesh1_pm.1_#_217	gray_zone	0.6193	A0A9Q8SE66	50.0
jgi-Lopma1-626860-estExt_Genewise1.C_400004	gray_zone	0.7671	A0A7R8ZIV0	54.0
jgi-Rhivul1-859119-estExt_fgenesh1_pm.C_330046	gray_zone	0.7596	ULT96439.1	57.5
jgi-MelPMI1271_1-497114-MIX24893_12_19	gray_zone	0.66	E3QNN8	60.5
jgi-XyFL0064_1-137551-CE137550_17375	gray_zone	0.6769	A0A517L639	56.9
jgi-Rhoto_IFO0880_4-10951-fgenesh1_kg.14_#_600_#_TRINITY_DN3313_c3_g1_i5_mRNA	gray_zone	0.6854	A0A4D6L7Y4	44.0
jgi-Dacruf1-2271574-e_gw1.25.31.1	gray_zone	0.7266	A0A7R8XF07	64.0
jgi-Fusoxalb1-888651-MIX13673_2_16	gray_zone	0.6133	A0A7H8R1M0	65.0
jgi-Aspnut1-199087-fgenesh1_kg.4_#_553_#_TRINITY_DN4905_c0_g2_i1	gray_zone	0.6087	A0A6V7PD66	61.3
jgi-Diahe1-6995-transcript:POS68786	gray_zone	0.7389	A0A8H8P5D7	75.3
jgi-Tramax1-1158445-estExt_Genewise1.C_1_t30014	gray_zone	0.6361	A0A899FYG3	72.3
jgi-Liptetr1-255260-CE255259_123138	gray_zone	0.6461	A0A9Q8WF83	84.0
jgi-Gilper1-513697-estExt_Genewise1Plus.C_320083	gray_zone	0.6455	A0A6M7ZQI8	71.8
jgi-Xyltel121673_1-238324-CE238323_3450	gray_zone	0.6029	A0A8S1ZR80	65.0
jgi-Asparx1-208193-gm1.3238_g	gray_zone	0.6921	A0A8H8P5D7	70.3
jgi-Copscl1-468626-e_gw1.70.47.1	gray_zone	0.782	A0A7R8ZIV0	61.9
jgi-Lacfe1-1676-transcript:SCW01007	gray_zone	0.8364	QWU86368.1	66.7
jgi-Asppur1-30416-CE30415_20796	gray_zone	0.811	A0A899G1X6	68.1
jgi-Lycper1-928347-estExt_fgenesh1_pm.C_490010	high_confidence_non_cazyme	0.6327	A0A291B0A8	50.7
jgi-Asprhi1-104742-CE104741_2530	gray_zone	0.6455	A0A8S1ZX97	46.3
jgi-Morexi1-578786-fgenesh1_kg.2_#_204_#_TRINITY_DN3756_c0_g3_i1	gray_zone	0.6938	QWU90274.1	54.6
jgi-Valma1-9824-transcript:KUI72885	gray_zone	0.715	QWU90274.1	51.7
jgi-Bauco1-30039-fgenesh1_kg.2_#_277_#_Locus2558v1rpkm74.00	gray_zone	0.6955	A0A9Q9DPK0	62.8
jgi-Polsqu1-663200-fgenesh1_kg.116_#_64_#_TRINITY_DN12750_c0_g3_i1	gray_zone	0.6049	A0A9W8R2E6	73.9
jgi-Podaus1-487862-fgenesh1_kg.11_#_383_#_TRINITY_DN4581_c0_g1_i2	gray_zone	0.6346	A0A9Q9RM93	74.6
jgi-Aspbisp1-209654-MIX3212_555_100	gray_zone	0.6744	A0A6H0Y104	73.0
jgi-Exool1-140927-PV06_05378T0	gray_zone	0.6066	A0A7S8D4P8	58.6
jgi-Fusoxlyc1-2543-rna-gnl-WGS:AGBH-mrna_FOWG_09992T0	gray_zone	0.6632	A0A9Q8ZFP4	67.3
jgi-Porspa1-1834607-e_gw1.69.99.1	gray_zone	0.6461	A0A517L745	71.4
jgi-Asppsf1-149160-fgenesh1_kg.20_#_189_#_TRINITY_DN11011_c0_g1_i1	gray_zone	0.6813	A0A1X7S587	63.4
jgi-TriTUC5505_1-355120-fgenesh1_kg.5_#_1556_#_TRINITY_DN3711_c0_g1_i1	gray_zone	0.6391	K8ELT8	44.0
jgi-Schpa1-842537-estExt_Genewise1.C_00002_t20038	gray_zone	0.709	QGI79035.1	79.4
jgi-Asptur1-10529-CE10528_9140	gray_zone	0.6474	A0A8S2AUF1	82.2
jgi-Colac2-699895-estExt_Genewise1Plus.C_490128	gray_zone	0.6605	A0A8S2ADH0	61.0
jgi-Aspspi1-277914-gm1.7579_g	gray_zone	0.6627	A0A6L9JRK9	43.8
jgi-Lennov1-81515-gm1.5634_g	gray_zone	0.6167	A0A8S2AJS5	62.6
jgi-Canca1-2970-gm1.2970_g	gray_zone	0.636	A0A8H8P736	53.8
jgi-Aspsublat1-276208-gm1.10063_g	gray_zone	0.6431	A0A7H8QT70	75.8
jgi-Asppari1-363899-fgenesh1_kg.98_#_43_#_TRINITY_DN4885_c0_g1_i2	gray_zone	0.659	W0VB37	54.8
jgi-Cylto1-375266-estExt_Genewise1.C_850005	gray_zone	0.6075	A0A4D6NUZ0	67.9
jgi-HaspN3175_1-2549-BGZ49_002561-T1	gray_zone	0.6335	Q5BGH8	55.1
jgi-Pcit122670-531538-e_gw1.35.214.1	gray_zone	0.7461	A0A7H8QMI3	65.7
jgi-Aspparac1-6990-e_gw1.2.84.1	gray_zone	0.6155	A0A9Q8ZEG8	50.6
jgi-Daequ1-721483-fgenesh1_kg.4_#_327_#_Locus96v1rpkm1101.19	gray_zone	0.7421	WEJ94736.1	63.4
jgi-Glotr1_1-140057-estExt_Genemark1.C_000110224	gray_zone	0.7867	A0A7R8ZIV0	62.2
jgi-Aspca12550_1-370060-e_gw1.30.170.1	gray_zone	0.6752	A0A9Q8WMR9	53.4
jgi-Phoaln1-1834826-fgenesh1_kg.79_#_347_#_TRINITY_DN8078_c1_g1_i1	gray_zone	0.6728	UJR30406.1	70.0
jgi-Hypfus1-495524-fgenesh1_pm.29_#_20	gray_zone	0.7955	QWU86368.1	60.5
jgi-Enthel1-512433-gm1.4019_g	gray_zone	0.8369	WEJ95743.1	70.6
jgi-Asplaci1-263998-fgenesh1_pm.15_#_66	gray_zone	0.6251	A0A6M7ZRF1	75.1
jgi-LboTFB7829_1-1571779-fgenesh1_pm.37_#_9	gray_zone	0.6936	A5B050	73.1
jgi-Hypsub2-584546-fgenesh1_pm.35_#_15	gray_zone	0.6125	A0A7U2QQZ0	58.9
jgi-Triei1-42974-CE42973_2877	gray_zone	0.6671	A0A8H8T062	52.4
jgi-Necsp1-474179-gm1.2274_g	gray_zone	0.6397	G0WE70	54.2
jgi-Rac5018_1-3138-transcript:OQO15742	gray_zone	0.6455	A0A7H8RBM1	62.1
jgi-Mycflo1-237451-CE237450_4985	gray_zone	0.661	A0A9Q8Z011	53.9
jgi-Epi6094_1-1126754-estExt_Genewise1Plus.C_3_t10031	gray_zone	0.6977	A0A8H8P5D7	69.3
jgi-Paxru2-15298-Paxru1.gm1.7545_g	high_confidence_non_cazyme	0.6564	A0A4P7NGT5	64.7
jgi-Conioc1-780380-CE780379_3423	gray_zone	0.6116	UKZ83676.1	66.5
jgi-Colce1-578215-e_gw1.11.169.1	gray_zone	0.6526	A0A9Q9RM93	77.8
jgi-Myclep1-371006-CE371005_1005	gray_zone	0.7534	A0A7S9KUB8	59.7
jgi-Aspter1-206011-fgenesh1_pm.14_#_5	gray_zone	0.6029	A0A077R2I8	56.0
jgi-CocheC5_4m-1217608-CocheC5_3.gm1.9285_g	gray_zone	0.6429	A0A7H8QT70	72.5
jgi-Idrluna1-919307-estExt_Genemark4.C_17_t10356	gray_zone	0.6124	A0A7H8QK02	69.7
jgi-Pbif18543_1-199912-CE199911_11534	gray_zone	0.6085	A0A6H0XZ09	75.5
jgi-Aspcaesp1-54009-fgenesh1_kg.1_#_64_#_TRINITY_DN10134_c0_g1_i1	gray_zone	0.6863	Q8Z2Z9	70.2
jgi-Lacsu1-206293-CE206292_13679	gray_zone	0.7567	A0A2U9C9T3	61.7
jgi-Triple1-107981-g1229.t1	gray_zone	0.6409	A0A8H8T062	49.7
jgi-Asppor1-192434-fgenesh1_kg.1_#_2223_#_TRINITY_DN7400_c0_g1_i1	gray_zone	0.6849	A0A8S2ARC9	62.1
jgi-Dreco1-3103-transcript:KYK61956	gray_zone	0.6706	A0A6M7ZQI8	75.2
jgi-TriharM10_1-507884-estExt_fgenesh1_pm.C_10062	gray_zone	0.6999	A0A1U8QJG0	65.8
jgi-Licra1-10311-LRAMOSA05508-1	gray_zone	0.6048	QYO62262.1	66.8
jgi-Corsim1-20565-gw1.17.454.1	gray_zone	0.6539	A0A9Q9DR53	74.8
jgi-XyFL0064_1-7961-CE7960_5955	gray_zone	0.931	A0A7R8XCR5	67.9
jgi-Aspave1-47924-CE47923_373	gray_zone	0.6643	A0A6M7ZQI8	76.3
jgi-Triha1-511830-fgenesh1_kg.13_#_279_#_Locus6399v3rpkm0.00_PRE	gray_zone	0.6659	A0A6L9JMI7	65.7
jgi-Cercau1-537545-fgenesh1_pm.4_#_673	gray_zone	0.7295	A0A8S1ZRI4	67.8
jgi-Dacruf1-2409104-fgenesh1_pm.19_#_114	gray_zone	0.7776	UKZ76834.1	68.9
jgi-Aspnut1-187131-gm1.3719_g	gray_zone	0.6065	A0A160T5A1	69.2
jgi-Diadis1-745553-fgenesh1_kg.5_#_1079_#_Locus3738v1rpkm32.50	gray_zone	0.651	A0A8H8T062	50.5
jgi-Fusva1-560058-gm1.13763_g	gray_zone	0.7	A0A8H8T062	55.8
jgi-FoxF201_1-766561-gm1.6451_g	gray_zone	0.7058	A0A3M6VH01	71.5
jgi-Cerbe1-2853-transcript:PPJ50416	gray_zone	0.6158	A0A7R9A7P4	53.3
jgi-Satdi1-4747-augustus_masked-NODE_9_length_256851_cov_14.1922_ID_17-processed-gene-0.2-mRNA-1	gray_zone	0.6805	A0A7H8QQE3	69.9
jgi-Tripleu1-343712-CE343711_121	high_confidence_non_cazyme	0.622	A0A7S8CZV9	72.5
jgi-Copang1-1064413-gm1.7339_g	gray_zone	0.6342	A0A7H8QMU0	53.5
jgi-Polagg1_1-159561-CE159560_15002	gray_zone	0.6805	QWU90274.1	50.5
jgi-Tubbr1_1-943908-fgenesh1_kg.24_#_242_#_TRINITY_DN6478_c0_g1_i1	gray_zone	0.7472	A0A9Q8SDP9	74.8
jgi-Suifus1-1044550-fgenesh1_kg.41_#_81_#_TRINITY_DN7940_c0_g2_i6	gray_zone	0.7035	WEJ94736.1	58.7
jgi-Racan1-16999-transcript:OQN96208	gray_zone	0.6306	A0A6M7ZRF1	72.4
jgi-MozyN2592_1-2627-EC991_002689-T1	gray_zone	0.86	A0A9Q8T8N0	62.1
jgi-Trime1-1617-transcript:GBF61279	gray_zone	0.6821	A0A8S1ZP17	70.2
jgi-Aspmot1-273337-gm1.5041_g	gray_zone	0.6819	A0A7S8D492	72.9
jgi-Asppset1-295375-MIX5905_9_44	gray_zone	0.6152	A0A6M7YE70	58.1
jgi-Aspne1-192001-MIX2342_31_18	gray_zone	0.7574	A0A7H8RC90	56.2
jgi-Mosp14UC_1-9261-BGW39_009330-T1	gray_zone	0.6311	Q9PBD6	72.6
jgi-DiorN22417_1-467-BGZ58_000471-T1	gray_zone	0.7106	A0A2R6WUX0	73.5
jgi-Tralj1-1071507-MIX12885_4315_48	gray_zone	0.6171	A0A387HHJ8	68.9
jgi-Xylcro1-342413-fgenesh1_kg.29_#_116_#_TRINITY_DN5819_c0_g1_i1	gray_zone	0.8449	QWU86368.1	67.1
jgi-FoxF202_1-670861-estExt_Genewise1Plus.C_1_t90428	gray_zone	0.7221	BEJ11425.1	72.4
jgi-LedTMI1148_1-92493-fgenesh1_pm.284_#_1	gray_zone	0.6137	UKZ78835.1	62.6
jgi-Aspesuba1-209354-fgenesh1_kg.17_#_526_#_TRINITY_DN12201_c2_g2_i1	gray_zone	0.6818	WFD37536.1	59.1
jgi-MorM21481_1-139189-CE139188_8165	gray_zone	0.662	A0A7H8QSQ2	56.9
jgi-Albpec1-1525584-e_gw1.4.902.1	gray_zone	0.6708	A0A8H8P5D7	62.7
jgi-EurotioJF034F_1-471437-estExt_fgenesh1_pg.C_2_t10022	gray_zone	0.6976	A0A8H8P5D7	69.6
jgi-Guyne1-1018307-MIX3809_2642_38	gray_zone	0.634	A0A8H8P723	60.2
jgi-Fobas72_1-370052-CE370051_445	gray_zone	0.6027	A0A9Q8WAU1	64.8
jgi-Cylto1-434390-estExt_fgenesh1_pm.C_70081	high_confidence_non_cazyme	0.609	A0A9X4R9Q4	60.0
jgi-Hypcer1-427497-fgenesh1_kg.22_#_353_#_TRINITY_DN6136_c0_g1_i7	gray_zone	0.6007	A0A6V7QNZ3	68.3
jgi-Fompi3-1159536-estExt_Genewise1Plus.C_110134	gray_zone	0.6343	A0A8S1ZZ42	76.5
jgi-Chlpad1-429628-fgenesh1_kg.16_#_584_#_TRINITY_DN8934_c0_g1_i1	gray_zone	0.6022	A0A077W9W9	69.2
jgi-Ganads1-759442-estExt_Genemark4.C_3810011	gray_zone	0.6162	A0A402D720	45.5
jgi-Chalo1-430876-fgenesh1_kg.17_#_356_#_Locus1263v1rpkm159.99	gray_zone	0.6137	A0A7R9A3Q4	71.0
jgi-ChetHm338_1-318965-fgenesh1_kg.3_#_3129_#_rec_112797	gray_zone	0.6655	A0A6M7ZV70	76.2
jgi-Psiser1-70127-fgenesh1_pg.38_#_81	gray_zone	0.702	WEJ95743.1	50.2
jgi-Aspass1-439093-gm1.5926_g	gray_zone	0.8124	A0A7H8RC90	55.1
jgi-Annbov1-395735-fgenesh1_kg.43_#_205_#_TRINITY_DN574_c0_g1_i1	gray_zone	0.6127	A0A7R9BFN1	61.1
jgi-XylPMI506-415529-estExt_Genewise1Plus.C_11_t10041	gray_zone	0.6128	A0A7H8QMU0	72.7
jgi-Penbr2-34213-e_gw1.8.520.1	gray_zone	0.615	A0A7H8QK02	68.0
jgi-Xylcur114988_1-597580-MIX6879_1_9	gray_zone	0.6435	A0A7H8QT70	75.2
jgi-Hypros1-323-FUN_000333-T1	high_confidence_non_cazyme	0.6036	A0A4Y7MVQ7	62.2
jgi-NeoP8C63_1-684766-MIX18912_18443_38	gray_zone	0.6431	A0A7R9G9Z6	77.3
jgi-FopisF79_1-676966-MIX19487_15_63	gray_zone	0.6477	A0A6M7YE70	58.8
jgi-Rhivi1-732103-estExt_Genewise1Plus.C_210056	gray_zone	0.605	A0A9Q9DSF7	63.7
jgi-Suivis2-1753126-MIX4987_880_31	gray_zone	0.656	A0A2P7YZD8	53.9
jgi-Sisbri1-571299-estExt_Genewise1.C_7_t20078	gray_zone	0.6098	A0A2G5UV03	58.2
jgi-Achma1-19021-e_gw1.430.5.1	gray_zone	0.7187	A0A7W8AL38	65.6
jgi-ThyNC0857_1-328468-fgenesh1_kg.3_#_739_#_TRINITY_DN3589_c0_g1_i1	gray_zone	0.672	F0W336	76.9
jgi-Talst1_2-9508-TSTA_036600	gray_zone	0.6244	A0A6M7YE70	58.9
jgi-Monpu1-486507-fgenesh1_pg.3_#_55	gray_zone	0.6254	A0A7H8QMU0	70.9
jgi-Biscog1-564012-fgenesh1_kg.40_#_30_#_TRINITY_DN6631_c0_g1_i4	gray_zone	0.6075	A0A160SXU2	59.1
jgi-Aspdur1-221409-fgenesh1_kg.4_#_642_#_TRINITY_DN3629_c0_g1_i1	gray_zone	0.654	A0A6M7ZQI8	75.3
jgi-Schshe1-33660-CE27751_50231	gray_zone	0.7519	A0A7H8QMI3	68.1
jgi-FvanT31_1-337440-fgenesh1_pm.25_#_23	gray_zone	0.6212	A0A9Q8WAU1	69.6
jgi-Asphir1-127585-CE127584_200	gray_zone	0.8377	A0A2H1GTP3	67.4
jgi-Morkaki1-900557-fgenesh1_kg.30_#_206_#_TRINITY_DN6059_c1_g2_i2	gray_zone	0.6456	WEJ95743.1	46.1
jgi-Trigha1-458822-fgenesh1_kg.45_#_27_#_TRINITY_DN2519_c0_g1_i2	high_confidence_non_cazyme	0.718	A0A9P9K3K3	64.7
jgi-Aspcap1-101545-fgenesh1_kg.238_#_12_#_TRINITY_DN5160_c0_g1_i7	gray_zone	0.7227	A0A8D9CM86	68.8
jgi-Lorma1-540740-gm1.762_g	gray_zone	0.8141	A0A8H8SZN1	55.8
jgi-Fusoxcub1-2082-rna-gnl-WGS:AGND-mrna_FOIG_01273T0	gray_zone	0.7672	A0A8S2AZU5	62.1
jgi-Lacsu1-351453-fgenesh1_kg.9_#_737_#_TRINITY_DN5507_c0_g1_i1	gray_zone	0.7638	A0A8H8SYW4	62.6
jgi-Aspfl2_3-2065606-e_gw1.3.516.1	gray_zone	0.7457	A0A9Q8SLQ4	65.1
jgi-TriharM10_1-386351-estExt_Genewise1.C_720151	gray_zone	0.697	A0A7D5ZAS3	59.6
jgi-Corsim1-47563-e_gw1.42.57.1	gray_zone	0.6117	A0A7R9A3Q4	70.8
jgi-Asptaic1-171851-fgenesh1_kg.58_#_57_#_TRINITY_DN1537_c0_g1_i1	gray_zone	0.6892	A0A6M7YE70	66.0
jgi-Trito1-3835-transcript:EGD93384	gray_zone	0.6707	A0A8S1ZRI4	56.5
jgi-Aspave1-168452-MIX764_4_12	gray_zone	0.6392	A0A9Q8WAU1	69.6
jgi-Muccir1_3-1312959-estExt_Genewise1.C_9_t20045	high_confidence_non_cazyme	0.6301	A0A7R8GYY3	64.5
jgi-Plecto1-578160-e_gw1.4.1319.1	gray_zone	0.6764	A0A7H8RC90	57.5
jgi-Aspmic1-359031-gm1.8572_g	gray_zone	0.6451	A0A6L9JGG6	68.5
jgi-Xylcub1-480063-gm1.3939_g	gray_zone	0.673	A0A9Q8SQH7	66.0
jgi-Humgr1-7589-Humgr2_004429-RA	gray_zone	0.8218	A0A9Q8T8N0	60.1
jgi-Colorb1-142710-mrna_9230	gray_zone	0.6329	A0A8H8T062	50.1
jgi-Schco3-2567174-estExt_Genewise1Plus.C_2_t80096	gray_zone	0.6209	A0A9Q8WER7	61.9
jgi-FopisF105_1-326236-fgenesh1_kg.103_#_32_#_TRINITY_DN5573_c0_g1_i3	gray_zone	0.7346	Q5AS26	67.8
jgi-Mordim1-656917-estExt_fgenesh1_pg.C_250050	gray_zone	0.7493	A0A2P1BVT5	54.1
jgi-Exoalc1_J33-528680-fgenesh1_kg.2_#_2230_#_TRINITY_DN1514_c0_g2_i1	gray_zone	0.643	A0A7H8QT70	75.3
jgi-Chagl1-348414-CE348413_1191	gray_zone	0.6967	UPS43537.1	55.1
jgi-Calmar1-508881-fgenesh1_kg.211_#_67_#_TRINITY_DN1476_c0_g2_i1	gray_zone	0.6405	F0W0H6	73.5
jgi-Daralp1-209677-CE209676_766	gray_zone	0.6571	A0A9Q8SE66	53.4
jgi-Pennord1-3615-rna3614	gray_zone	0.6765	WIA09999.1	60.8
jgi-Triatro1-488283-fgenesh1_pm.5_#_313	gray_zone	0.7357	A0A160T068	75.5
jgi-Aspbot1-208065-MIX1952_257_95	gray_zone	0.7298	A0A8H8LWB7	55.6
jgi-Sirint1-600029-e_gw1.9.345.1	gray_zone	0.6228	A0A7H8QK02	69.6
jgi-Hydfim1-983923-fgenesh1_pm.6_#_171	gray_zone	0.7726	A0A9P9K3K3	78.5
jgi-FopisF23_1-274581-fgenesh1_kg.3_#_853_#_TRINITY_DN23199_c0_g1_i1	gray_zone	0.683	A0A8H8P5D7	66.1
jgi-Aspaus1-911963-fgenesh1_kg.7_#_406_#_TRINITY_DN14526_c0_g1_i1	gray_zone	0.6038	A0A1S9DVV1	67.6
jgi-Macpha1-760297-MIX12406_1125_48	gray_zone	0.8056	A0A7H8RC90	55.0
jgi-Asppset1-151938-CE151937_921	gray_zone	0.6162	QWU90274.1	44.0
jgi-Agrpra2-1020700-e_gw1.1.440.1	gray_zone	0.6011	A0A7S8D775	58.6
jgi-Tricre1-323640-fgenesh1_kg.4_#_781_#_TRINITY_DN8346_c0_g1_i1	gray_zone	0.6621	A0A2V1A8H6	73.5
jgi-FoxF207_1-743305-gm1.8574_g	gray_zone	0.6006	A0A6M7YE70	59.0
jgi-Clavir1-151213-CE151212_8237	gray_zone	0.7163	A0A7R8XF07	68.8
jgi-YarliW29-162184-estExt_Genemark1.C_220075	gray_zone	0.6254	WCJ32372.1	61.1
jgi-FusoxT415-469978-estExt_Genewise1Plus.C_7_t10276	gray_zone	0.6098	A0A9Q8SM29	62.5
jgi-Apope1-580708-estExt_fgenesh1_pm.C_2_t10463	gray_zone	0.6579	A0A1V0DDN5	68.2
jgi-Corca1-568263-fgenesh1_kg.2_#_2_#_Locus5412v1rpkm28.61	gray_zone	0.6701	A0A8S1ZP17	69.3
jgi-Verped1-95432-CE95431_6257	gray_zone	0.6124	QYO62262.1	67.4
jgi-Rhitru1-249202-CE249201_13018	high_confidence_non_cazyme	0.7269	A0A7U2MV34	69.1
jgi-Melva1-511784-fgenesh1_kg.9_#_69_#_Locus737v1rpkm180.74	gray_zone	0.822	A0A3P6D3E5	58.2
jgi-Lenzyc1-366754-CE366753_24520	gray_zone	0.6237	A0A9Q9DWZ7	72.3
jgi-Aspph1-209352-e_gw1.3.455.1	gray_zone	0.6314	A0A7H8QHR9	78.1
jgi-HyFL0890_1-268294-fgenesh1_kg.15_#_387_#_TRINITY_DN2428_c0_g1_i1	gray_zone	0.6423	A0A8S2ARC9	57.0
jgi-Spasuh1_1-114398-fgenesh1_kg.3_#_99_#_TRINITY_DN1988_c0_g1_i1	gray_zone	0.8843	A0A7H8R1M2	74.1
jgi-Helsp1-408697-fgenesh1_kg.8_#_109_#_TRINITY_DN4529_c0_g1_i3	gray_zone	0.6607	A0A8F2VZ42	59.1
jgi-Schseg1_1-105040-e_gw1.3.937.1	gray_zone	0.7233	C6SGH7	77.1
jgi-Cybfa1-3505-transcript:ONH67430	gray_zone	0.6123	QYO62262.1	67.6
jgi-Dales1-410546-gm1.5464_g	gray_zone	0.7538	A0A6L9JRK9	40.4
jgi-Aspgal1-477259-gm1.7827_g	gray_zone	0.6529	A0A6M7YVQ6	58.6
jgi-Fobas72_1-492491-fgenesh1_kg.3_#_3902_#_TRINITY_DN1484_c0_g3_i2	high_confidence_non_cazyme	0.6423	A0A9P9K3K3	54.6
jgi-Xylhyp1-279644-CE279643_4118	gray_zone	0.645	G0WE70	54.7
jgi-Suiplac1-1386611-e_gw1.7.1467.1	gray_zone	0.6745	A0A7H8QT70	80.9
jgi-XylPMI703_1-872423-MIX8007_268_25	gray_zone	0.6534	A0A6M7ZQI8	71.6
jgi-Talat1-8363-transcript:OKL58793	gray_zone	0.739	A0A9Q8SDP9	74.6
jgi-Lacpsa1-1260869-fgenesh1_kg.16_#_55_#_TRINITY_DN12525_c1_g1_i5	gray_zone	0.6732	A0A6M7ZQI8	78.1
jgi-Aspins1-305255-gm1.4316_g	gray_zone	0.6184	A0A7G5J8Y7	69.7
jgi-Exoaq1-7379-A1O9_03909T0	gray_zone	0.6278	A0A2G5UV03	64.3
jgi-Lepmi1-529433-estExt_fgenesh1_pg.C_140066	gray_zone	0.7084	A0A7R9BT76	75.3
jgi-FvanT77_1-418103-MIX22831_24_49	gray_zone	0.7681	A0A9Q9DR53	55.2
jgi-Asoarc1-242446-estExt_Genewise1Plus.C_800010	gray_zone	0.6995	W9JCX7	66.6
jgi-Aspnovo1-230329-MIX3532_24_33	gray_zone	0.7974	A0A7H8RC90	53.1
jgi-MospAM989_1-7737-BGX27_007807-T1	gray_zone	0.6004	A0A8S2A986	50.5
jgi-Glonio1-456188-CE456187_2013	gray_zone	0.6753	A0A2D1U1B4	54.7
jgi-Trilo3-1344562-e_gw1.25.168.1	gray_zone	0.7751	A0A8H8SYW4	64.0
jgi-Fonmo1-10988-AYO21_08861T0	gray_zone	0.6442	A0A402D720	48.4
jgi-Lerce2-4002415-fgenesh1_kg.tig_45_#_43_#_HWTNY_transcript/57351	gray_zone	0.6381	A0A7H8QMU0	58.0
jgi-PseVKM4514_1-1784-transcript:KFY42117	gray_zone	0.6585	A0A6M7YE70	59.5
jgi-CadmalM221_1-8158-IFR05_008043.1	gray_zone	0.6326	A0A6M7YE70	61.7
jgi-Trichpleur1-375169-fgenesh1_kg.9_#_1260_#_TRINITY_DN5584_c0_g1_i17	high_confidence_non_cazyme	0.6356	A0A5Q3EKU1	77.9
jgi-NeFL0916_1-553050-fgenesh1_kg.52_#_74_#_TRINITY_DN2188_c0_g1_i2	gray_zone	0.7222	A0A160T068	73.0
jgi-FvanT343_1-351585-fgenesh1_kg.25_#_236_#_TRINITY_DN24941_c0_g1_i1	gray_zone	0.8239	A0A8F2W220	65.1
jgi-Aspeuc1-372912-estExt_Genewise1Plus.C_460208	gray_zone	0.6983	A0A8H8P5D7	71.0
jgi-Aspve1-137983-e_gw1.9.388.1	gray_zone	0.6608	A0A8S2B2W4	50.7
jgi-Aspuni1_1-53273-fgenesh1_pm.36_#_72	gray_zone	0.6157	A0A5Q3EKU1	67.5
jgi-CadmalM34_1-945-IFR04_001531.1	gray_zone	0.6324	A0A6M7YE70	56.8
jgi-NsCB679_1-608783-fgenesh1_kg.15_#_42_#_TRINITY_DN3940_c0_g2_i1	gray_zone	0.6181	A0A6M7ZRF1	72.1
jgi-Fusoxys1-651035-e_gw1.1.3124.1	gray_zone	0.6463	A0A4P2QIK3	57.1
jgi-Penbi1-355559-e_gw1.22.137.1	gray_zone	0.6547	A0A6M7YVQ6	55.7
jgi-SerlaS7_9_2-1184386-estExt_Genewise1Plus.C_5_t10474	gray_zone	0.6353	A0A402D720	48.3
jgi-ThoPMI491_1-631964-e_gw1.1.434.1	gray_zone	0.6261	Q2UDW4	55.6
jgi-Aspcap1-98132-fgenesh1_kg.126_#_23_#_TRINITY_DN328_c0_g1_i1	gray_zone	0.634	UKZ78835.1	68.4
jgi-Fuscon1-526583-fgenesh1_pm.5_#_474	gray_zone	0.6181	UZJ55557.1	61.1
jgi-Cocsa1-122751-estExt_Genewise1.C_12_t10037	gray_zone	0.7976	A0A9Q9DR53	68.6
jgi-Triple1-116396-g9692.t1	gray_zone	0.6085	A0A2G5UV03	57.2
jgi-Pensoli1-239018-e_gw1.22.146.1	gray_zone	0.7621	A0A9Q8T5U2	55.4
jgi-Fishe1-68439-gm1.133_g	gray_zone	0.649	A0A8H8T062	55.8
jgi-Colpa1-1339-mrna_1339	gray_zone	0.657	UGV25854.1	51.3
jgi-Collu1-88921-CE88920_375	gray_zone	0.6539	A0A9Q9RM93	80.5
jgi-Aspave1-161461-fgenesh1_kg.211_#_24_#_TRINITY_DN9914_c0_g1_i1	gray_zone	0.6619	A0A6M7YVQ6	56.4
jgi-Catan2-128593-Catan1.e_gw1.174.21.1	gray_zone	0.6127	A0A9Q9DWZ7	74.2
jgi-AurpulNBB1-45400-e_gw1.5.915.1	gray_zone	0.6254	A0A7H8RF34	71.1
jgi-Neora1-693321-fgenesh1_pg.40_#_46	gray_zone	0.7055	A0A8H8P5D7	71.2
jgi-Nemabo1-232563-fgenesh1_kg.13_#_47_#_TRINITY_DN9768_c0_g1_i1	gray_zone	0.6905	WEJ95752.1	57.7
jgi-Aspneos1-46533-fgenesh1_pm.50_#_4	gray_zone	0.6873	Q5B8M4	68.0
jgi-Mordim1-195913-CE195912_441846	gray_zone	0.6599	QWU87001.1	74.2
jgi-Colto1-7491-CT0861_00527T0	gray_zone	0.6246	A0A9Q8T2G0	69.1
jgi-Copang1-810393-e_gw1.25.379.1	gray_zone	0.7219	I0K9X8	60.5
jgi-Pennord1-9502-rna9501	gray_zone	0.624	A0A9W8R2E6	74.0
jgi-Pycsa1-1591492-fgenesh1_kg.sc_7180000650800_#_84_#_Locus4892v2rpkm35.27	gray_zone	0.7691	A0A9P9K3K3	77.2
jgi-Aspaus1-975012-MIX9838_44_84	gray_zone	0.6985	A0A8H8P5D7	71.0
jgi-Acastr1-122928-AST1_001044-RA	gray_zone	0.639	Q88UT2	71.6
jgi-Tricap1-109260-CE109259_1155	gray_zone	0.741	A0A6M7ZV70	70.4
jgi-LaccKIS6_1-1403381-estExt_fgenesh1_pm.C_1630030	gray_zone	0.7812	A0A9Q9DQE4	74.8
jgi-CtCBS203_1-554780-CE554779_2715	gray_zone	0.6108	A0A4Y1RBJ1	53.0
jgi-FusoxT415-615261-MIX7320_4_14	gray_zone	0.7696	A0A3P6D3E5	55.8
jgi-MoelGBA34_1-6700-BGZ88_006742-T1	gray_zone	0.6132	A0A9Q9DWZ7	73.5
jgi-Ceraff1-212913-CE212912_1251	gray_zone	0.6543	A0A7D5ZAS3	49.8
jgi-Asptem1-343904-fgenesh1_kg.30_#_101_#_TRINITY_DN5940_c0_g7_i1	gray_zone	0.7288	A0A2U9BQT5	61.6
jgi-Trigra1-415183-fgenesh1_kg.59_#_92_#_TRINITY_DN16897_c0_g1_i1	gray_zone	0.7406	A0A8F3AH03	55.1
jgi-Gelte1-113017-CE113016_13398	gray_zone	0.6908	A0A132AN97	62.8
jgi-Phefer1-244041-fgenesh1_kg.1_#_78_#_TRINITY_DN10934_c0_g2_i3	gray_zone	0.6328	A0A4P7C2S8	48.2
jgi-Corcom2-620938-fgenesh1_kg.45_#_325_#_TRINITY_DN22974_c0_g2_i2	gray_zone	0.8093	A0A7R9BUJ4	60.4
jgi-Gnocas1-422835-fgenesh1_pm.2_#_144	high_confidence_non_cazyme	0.6379	A0A6M7ZFE8	54.2
jgi-Trisin1-489083-CE489082_14965	gray_zone	0.6615	A0A8S2ADH0	61.0
jgi-Parsed1-1169523-estExt_Genemark1.C_780027	gray_zone	0.7163	A0A160T068	75.1
jgi-Suidis1-808269-MIX23135_79625_80	gray_zone	0.6515	A0A9Q8WMR9	50.2
jgi-Suioch1-1222655-fgenesh1_kg.10_#_363_#_TRINITY_DN2900_c0_g1_i4	gray_zone	0.7043	A0A160T0J5	61.1
jgi-Podjug1-140832-CE140831_32508	gray_zone	0.6018	A0A9Q9RQL5	55.3
jgi-Artesp1-421748-fgenesh1_pm.4_#_290	gray_zone	0.654	A0A7H8QT70	67.3
jgi-Dales1-188279-CE188278_96	high_confidence_non_cazyme	0.623	A0A7H8R2B1	61.1
jgi-Xylpal124036_1-620081-MIX8621_9_3	gray_zone	0.7947	A0A6L9JRK9	53.7
jgi-Mycale1-1071474-fgenesh1_kg.8_#_1049_#_TRINITY_DN5225_c0_g1_i2	gray_zone	0.6502	A0A6M7YVQ6	53.9
jgi-Rhyco1-10335-transcript:CZT11964	gray_zone	0.6257	A0A9Q8T5U2	49.5
jgi-Rhesp1-18179-CE18178_3316	gray_zone	0.7659	A0A8S2ANN5	64.6
jgi-Tricam1-286286-MIX7301_323_99	gray_zone	0.6807	A0A5Q3EKU1	51.0
jgi-Fusvan1-433191-estExt_Genewise1.C_10_t50243	gray_zone	0.7443	WEJ94736.1	63.5
jgi-Morsny1-573391-fgenesh1_pm.11_#_135	gray_zone	0.6797	WEJ95752.1	57.1
jgi-Aspnovo1-64422-CE64421_1811	high_confidence_non_cazyme	0.6404	A0A7R8GYY3	71.8
jgi-Hyssto1-53915-e_gw1.101.20.1	gray_zone	0.731	A0A9Q8SUF1	56.7
jgi-PseVKM4520_1-2374-transcript:KFZ17093	gray_zone	0.6065	A0A7H8QT70	73.1
jgi-Trikon1-251415-CE251414_13495	gray_zone	0.7601	CAG5112430.1	54.6
jgi-Rhimi1_1-232679-gm1.390_g	gray_zone	0.6325	K8E5P3	56.8
jgi-Terbo2-820760-estExt_Genewise1Plus.C_70431	gray_zone	0.8361	A0A7H8RC90	55.5
jgi-Clagr3-10426-CLAGR_009741-RA	gray_zone	0.691	A0A7H8RE03	66.4
jgi-Myrdu1-318414-estExt_Genemark1.C_2_t10202	gray_zone	0.7748	A0A9Q8SUF1	66.4
jgi-Parmar1-535385-fgenesh1_pg.10_#_92	gray_zone	0.849	A0A9Q8T8N0	62.9
jgi-Zalva1-481810-e_gw1.12.1165.1	gray_zone	0.624	A0A9Q9DSF7	65.7
jgi-Aspfalc1-156615-fgenesh1_kg.25_#_269_#_TRINITY_DN6814_c1_g2_i1	gray_zone	0.6439	A0A0P0CNI4	62.8
jgi-Fusso1-411207-e_gw1.44.2.1	high_confidence_non_cazyme	0.6058	A0A2P7YX82	62.1
jgi-Fuspoa1-23785-CE23784_25261	gray_zone	0.6166	A0A4D6NUZ0	69.3
jgi-Psicub1_1-34155-e_gw1.1982.113.1	gray_zone	0.636	A0A9Q8WER7	63.8
jgi-Aspmin1-201731-fgenesh1_kg.1_#_268_#_TRINITY_DN1585_c0_g1_i1	gray_zone	0.6072	A0A9Q8WFG6	52.4
jgi-Mycepi1-974542-estExt_Genemark1.C_4_t10157	gray_zone	0.642	UGV25854.1	52.7
jgi-Neobo1-709547-MIX7603_52_20	gray_zone	0.6845	A0A6M7ZQI8	79.6
jgi-Aspve1-54910-fgenesh1_pm.8_#_182	gray_zone	0.609	A0A9Q8WAU1	64.9
jgi-Krezon1-316608-fgenesh1_kg.8_#_1620_#_TRINITY_DN2375_c0_g1_i2	gray_zone	0.6277	A0A7H8QK02	67.4
jgi-Ncrass2-1552688-gm1.7008_g	gray_zone	0.8489	QWU86368.1	68.0
jgi-Dacma1-804907-fgenesh1_kg.15_#_960_#_TRINITY_DN3266_c0_g1_i1	gray_zone	0.6169	A0A8H8P5D7	55.8
jgi-Didma1-16745-g9538.t1	gray_zone	0.6249	A0A9Q8SE66	48.1
jgi-Morulm1-403735-fgenesh1_kg.3_#_1198_#_TRINITY_DN775_c1_g2_i3	gray_zone	0.6314	P52647	48.4
jgi-MomiNVP1_1-3325-BG006_003361-T1	gray_zone	0.6598	A0A160SZJ3	74.9
jgi-Aspsul1-242684-fgenesh1_kg.126_#_39_#_TRINITY_DN4359_c0_g1_i1	gray_zone	0.8547	A0A7H8RBM1	66.1
jgi-NsCB679_1-631487-fgenesh1_kg.72_#_135_#_TRINITY_DN4385_c0_g3_i1	gray_zone	0.6203	A0A9Q8WAU1	64.0
jgi-MoveAD079_1-5128-CPB97_005181-T1	gray_zone	0.6774	A0A8S2ADH0	61.7
jgi-Aspaff1-516583-fgenesh1_kg.35_#_127_#_TRINITY_DN10726_c0_g1_i8	gray_zone	0.6755	A0A7H8QQE3	73.5
jgi-Aspcap1-96003-fgenesh1_kg.87_#_47_#_TRINITY_DN12954_c0_g1_i1	gray_zone	0.6262	A0A9X4R9Q4	63.5
jgi-Colsa1-943600-mrna_6356	gray_zone	0.6025	ARA85284.1	61.2
jgi-Fusoxrap1-21599-rna-gnl-WGS:AGNG-mrna_FOQG_19002T0	gray_zone	0.6961	A0A2V1ABX0	63.3
jgi-Aspbic1-211372-fgenesh1_kg.33_#_132_#_TRINITY_DN1586_c0_g3_i2	gray_zone	0.6732	A0A6M7YE70	64.1
jgi-Fishe1-76926-gm1.8620_g	gray_zone	0.6981	Q8Z2Z9	73.7
jgi-Collu1-239763-CE239762_1594	gray_zone	0.7162	A0A9Q8WF34	64.9
jgi-Pornie1_2-937252-gm1.367_g	gray_zone	0.676	ARF90664.1	75.1
jgi-Colch1-92-mrna_96	gray_zone	0.7377	A0A899FR51	72.5
jgi-Aspcorea1-354823-fgenesh1_kg.118_#_108_#_TRINITY_DN5491_c0_g1_i1	gray_zone	0.7901	A0A9Q9DQE4	76.3
jgi-Aspalbe1-82376-CE82375_334	gray_zone	0.7432	A0A9Q8SDP9	74.3
jgi-Hypfra2-278706-CE278705_50611	gray_zone	0.7903	A0A9P9K3K3	79.8
jgi-Fusnyg1-466387-fgenesh1_kg.9_#_201_#_TRINITY_DN1439_c0_g1_i2	gray_zone	0.7072	A0A7D5ZAS3	57.0
jgi-Panst_KUC8834_1_1-764962-estExt_Genewise1Plus.C_260132	gray_zone	0.6287	A0A7H8QK02	69.2
jgi-Ocuya1-2639-rna-Psehe2p4_10101	gray_zone	0.7696	A0A2U9C9T3	60.3
jgi-Macan1-414471-fgenesh1_kg.37_#_126_#_Locus3278v1rpkm23.54	gray_zone	0.6297	A0A9Q8WF83	78.2
jgi-Talem1-1559-rna-Talem1p7_2672	gray_zone	0.6302	A0A6L9JGG6	65.3
jgi-Calmar1-519167-fgenesh1_kg.429_#_31_#_TRINITY_DN3519_c0_g2_i1	gray_zone	0.6877	A0A8S2AJS5	79.2
jgi-Mychae1-1191665-estExt_Genewise1Plus.C_1470020	gray_zone	0.6065	A0A7H8QQE3	56.3
jgi-Tillet1-226542-e_gw1.1.848.1	gray_zone	0.7017	A0A9Q8SDP9	67.1
jgi-Gorhay1-193326-e_gw1.14.345.1	gray_zone	0.7537	A0A7R8CK07	51.8
jgi-Pucstr1-22178-evm.model.scaffold_508.3	gray_zone	0.7755	A0A9Q9DQE4	76.3
jgi-Penrub1-281580-estExt_Genewise1Plus.C_180167	gray_zone	0.7314	A0A097F8I3	61.8
jgi-Fobas23_1-513303-fgenesh1_kg.7_#_2618_#_TRINITY_DN1332_c0_g1_i9	gray_zone	0.6201	A0A9Q8ZK32	57.2
jgi-Aspind2_1-145381-CE145380_2555	gray_zone	0.8018	A0A3P6D3E5	58.5
jgi-FoxF207_1-572776-e_gw1.6.1985.1	gray_zone	0.613	WFD02255.1	52.5
jgi-Trihel1-24487-CE24486_3528	gray_zone	0.633	A0A7S8HVB4	75.1
jgi-Phchr2-3027609-gm1.5826_g	gray_zone	0.6228	A0A1Y6LTJ7	65.8
jgi-Phlbr1-155803-gm1.13489_g	gray_zone	0.7118	A0A160T0J5	62.1
jgi-Tripare1-380288-fgenesh1_pm.214_#_14	gray_zone	0.7314	A0A160T5V8	74.6
jgi-Colsu1-583069-e_gw1.208.14.1	gray_zone	0.8054	A0A2H1GTP3	70.1
jgi-Possti1-1235823-fgenesh1_kg.28_#_14_#_TRINITY_DN2190_c0_g2_i1	high_confidence_non_cazyme	0.602	M5EEC9	61.8
jgi-Cerzm1-40177-e_gw1.10.468.1	gray_zone	0.8231	A0A075G076	54.3
jgi-Asphor1-155329-MIX655_9_48	gray_zone	0.6092	A0A4D6KTS8	48.9
jgi-Pengl1-382956-fgenesh1_kg.2_#_1696_#_Locus6611v1rpkm7.78	high_confidence_non_cazyme	0.6373	A0A9Q8T6J9	61.7
jgi-Currey1-47144-CE47143_2647	gray_zone	0.7725	A0A8F2W220	63.2
jgi-Pcru16753_1-209725-fgenesh1_kg.19_#_260_#_TRINITY_DN6026_c0_g1_i1	gray_zone	0.6722	ULT88936.1	77.7
jgi-Pcit17464-617061-fgenesh1_kg.3_#_1715_#_TRINITY_DN31440_c0_g1_i1	gray_zone	0.6105	A0A3M6VGR8	46.8
jgi-Aspalli1-308777-gm1.3700_g	gray_zone	0.6129	Q5BGV8	60.0
jgi-MorM21481_1-327854-fgenesh1_kg.4_#_736_#_TRINITY_DN165_c0_g1_i3	high_confidence_non_cazyme	0.6301	WFD20538.1	67.9
jgi-Vuicom1-231450-CE231449_12818	gray_zone	0.621	Q0V888	68.1
jgi-Aurvu1-1555066-fgenesh1_kg.19_#_90_#_Locus4958v1rpkm34.89	gray_zone	0.7665	A0A9P9K3K3	76.9
jgi-Ophdi1-310175-estExt_Genewise1.C_1_t10031	gray_zone	0.8	A0A8F2W220	70.5
jgi-Chafun1-38716-fgenesh1_pm.51_#_32	gray_zone	0.6083	A0A8H8T2A6	80.2
jgi-Rhesp1-514363-fgenesh1_kg.16_#_905_#_TRINITY_DN7771_c0_g1_i7	gray_zone	0.6837	WEJ95752.1	56.4
jgi-Gymch1-1669995-gm1.11972_g	gray_zone	0.6449	A0A8H8P736	59.2
jgi-Cocim1-8737-CIMG_03105T0	gray_zone	0.6475	A0A9Q9RM93	79.2
jgi-FoxF204_1-343871-fgenesh1_pg.7_#_869	gray_zone	0.6319	A0A6M7ZQI8	69.6
jgi-Triaspe1-382653-fgenesh1_kg.2_#_206_#_TRINITY_DN5904_c4_g3_i2	gray_zone	0.661	WFD34155.1	51.3
jgi-Bysni1-71641-gm1.617_g	gray_zone	0.6944	A0A8H8P5D7	69.8
jgi-Lentinedodes1-22749-LE01Gene11350.t1	gray_zone	0.651	A0A6M7ZQI8	71.4
jgi-Trucit1_1-440999-CE440998_1057	gray_zone	0.6018	ARA85284.1	61.6
jgi-Helgr1-7366-transcript:PGH13473	gray_zone	0.6137	F9G000	67.6
jgi-Lipsmi1-414942-fgenesh1_kg.4_#_702_#_TRINITY_DN521_c0_g2_i14	gray_zone	0.6764	A0A2U9BLR6	45.0
jgi-Pcit120373-359801-estExt_fgenesh1_pm.C_60053	gray_zone	0.6083	A0A9Q8T8J5	60.7
jgi-Aspwe1-169224-gm1.3159_g	gray_zone	0.6168	A0A4D6NUZ0	69.9
jgi-Phcit1-244384-fgenesh1_pm.13_#_50	high_confidence_non_cazyme	0.6019	UKZ48309.1	54.0
jgi-NeFL0916_1-204213-CE204212_1361	gray_zone	0.6331	A0A8H8T062	53.6
jgi-Trich5757_1-355632-fgenesh1_pm.6_#_243	gray_zone	0.6586	A0A6M7ZQI8	74.4
jgi-Mycepi1-785724-fgenesh1_kg.23_#_143_#_TRINITY_DN5289_c0_g2_i4	gray_zone	0.6648	A0A2N1L2K0	57.4
jgi-Neobo1-718564-MIX16620_4_24	gray_zone	0.6437	A0A7S8CZV9	73.7
jgi-HerpoJF057F_1-705883-fgenesh1_pg.4_#_146	gray_zone	0.7007	A0A8H8P5D7	70.5
jgi-Endpal1-2157-EPA1_004831-RA	gray_zone	0.8397	A0A9Q8WMR9	69.3
jgi-FoxF206_1-600260-estExt_Genewise1Plus.C_9_t40495	gray_zone	0.6178	A0A6M7ZQI8	66.6
jgi-Didma1-11864-g4955.t1	gray_zone	0.6983	A0A7R9BDC7	54.6
jgi-Rusbre1-1091775-fgenesh1_pm.33_#_21	gray_zone	0.6787	WEJ95735.1	77.4
jgi-Tristr1-331688-fgenesh1_pm.9_#_214	gray_zone	0.6216	K9UGD5	49.1
jgi-FvanT299_1-381554-fgenesh1_kg.28_#_359_#_TRINITY_DN120_c0_g1_i2	gray_zone	0.7138	A0A4P7C2S8	60.8
jgi-Pgt_201_B1-1588-rna-gnl-WGS:VSWC-PGT21_007981-T1_mrna	gray_zone	0.601	A0A8H8M811	46.4
jgi-Piswes1-3464392-e_gw1.296.36.1	gray_zone	0.68	A0A7R9BT76	68.4
jgi-Lepnud1-1326806-estExt_Genemark1.C_1800009	gray_zone	0.6406	A0A7H8QMU0	60.1
jgi-Lorma1-508990-fgenesh1_kg.13_#_264_#_TRINITY_DN3259_c0_g1_i1	gray_zone	0.6044	A0A9Q8WAU1	60.9
jgi-Oidma1-56539-gm1.9869_g	gray_zone	0.6279	A0A7H8QK02	69.2
jgi-TriharM10_1-439666-fgenesh1_kg.83_#_16_#_TRINITY_DN7970_c0_g2_i1	gray_zone	0.7008	A0A8H8P5D7	71.6
jgi-Exigl1-836691-estExt_Genemark1.C_1330028	gray_zone	0.6096	A0A4D6KMY5	54.5
jgi-CodFL1790_1-690358-fgenesh1_kg.12_#_1357_#_TRINITY_DN7516_c0_g6_i1	gray_zone	0.6927	A0A8D9MIV1	51.1
jgi-XyFL0064_1-672350-fgenesh1_kg.64_#_82_#_TRINITY_DN4851_c0_g1_i1	gray_zone	0.7547	A0A507QPH5	61.6
jgi-Fusox32931-16858-rna-gnl-WGS:AFML-mrna_FOYG_08870T2	gray_zone	0.7954	A0A3P6D3E5	59.0
jgi-Trave1-119097-e_gw1.4.411.1	gray_zone	0.6891	WEJ95752.1	57.9
jgi-Aspestel1-166022-gm1.5088_g	gray_zone	0.7188	QWU86368.1	62.1
jgi-Macan1-406859-fgenesh1_kg.3_#_472_#_Locus396v3rpkm1.04_PRE	gray_zone	0.649	UKZ91547.1	71.2
jgi-Gelamo1-354699-fgenesh1_kg.309_#_15_#_TRINITY_DN4152_c0_g1_i1	gray_zone	0.6262	A0A077R2I8	53.1
jgi-MogaNVP60_1-7240-BGZ97_007307-T1	gray_zone	0.6086	A0A8H8T062	54.9
jgi-Kurarg1-471121-CE471120_10433	gray_zone	0.6825	A0A9Q8SWE3	77.3
jgi-Aspsy1-89844-gm1.6527_g	gray_zone	0.7618	A0A9Q8LK40	70.4
jgi-Asppha1-35708-fgenesh1_pm.71_#_20	gray_zone	0.6241	Q5AXQ5	69.3
jgi-Lacind1-2054537-fgenesh1_pg.5_#_527	gray_zone	0.6367	A0A9Q8SE66	53.7
jgi-Pse1611_1-569815-e_gw1.4.954.1	gray_zone	0.7719	A0A899G1X6	64.4
jgi-Lerer2-3573338-fgenesh1_kg.tig_2_#_14344_#_HWTOC_transcript/1196	gray_zone	0.8108	A0A3P6D3E5	58.2
jgi-Aspdro1-171139-CE171138_300	gray_zone	0.601	A0A3M6VGR8	50.8
jgi-Asphethal1-198335-CE198334_3426	gray_zone	0.7748	A0A2U9C9T3	63.9
jgi-Lened1-8964-LENED_009814	gray_zone	0.6141	QWU90274.1	48.3
jgi-Durrog2-317955-CE317954_1616	gray_zone	0.6142	A0A9Q9DSF7	61.3
jgi-Colac2-565389-e_gw1.4.332.1	gray_zone	0.7273	A0A9Q8ZHF5	66.3
jgi-Asphor1-155135-MIX461_17_66	gray_zone	0.6312	A0A6M7YE70	54.1
jgi-Denbi1-696161-e_gw1.895.5.1	gray_zone	0.6393	UKZ78835.1	67.8
jgi-Rhima1-5253-transcript:KIX04402	gray_zone	0.6653	A0A8S2ARC9	61.1
jgi-Aspac1-27609-e_gw1.6.180.1	gray_zone	0.6675	A0A7H8QT70	79.9
jgi-Aurpu_var_pul1-341660-fgenesh1_kg.1_#_770_#_Locus2499v2rpkm21.00	gray_zone	0.875	A0A4P7BYU0	66.4
jgi-Spoumb1-505873-fgenesh1_kg.19_#_304_#_TRINITY_DN7979_c5_g2_i1	gray_zone	0.6735	A0A9Q8WMR9	61.7
jgi-PenbrAgRF18_1-313714-estExt_Genewise1Plus.C_6_t30304	high_confidence_non_cazyme	0.6957	A0A8S2B2W4	59.1
jgi-Aspchev1-178412-fgenesh1_kg.145_#_14_#_TRINITY_DN2845_c0_g1_i1	gray_zone	0.695	A0A8H8P5D7	71.9
jgi-Aspscl1-547769-fgenesh1_pg.19_#_209	gray_zone	0.7919	A0A8F2W220	66.0
jgi-Nakwi1-2153-augustus_masked-flattened_line_16-processed-gene-0.72-mRNA-1	gray_zone	0.6106	Q9PA24	55.1
jgi-Morpul1-473607-estExt_Genewise1Plus.C_1_t20138	gray_zone	0.7338	A0A899GD97	69.6
jgi-MozyPUSTF9C_1-3505-FBU30_003550-T1	gray_zone	0.6247	A0A9Q9DWZ7	78.0
jgi-Lipsta1_1-435337-fgenesh1_pm.12_#_12	gray_zone	0.6092	A0A1S9DVV1	68.9
jgi-Asptam1-281493-fgenesh1_kg.183_#_28_#_TRINITY_DN6132_c0_g1_i4	gray_zone	0.69	WEJ95752.1	57.0
jgi-Aspnov1-458796-fgenesh1_pm.3_#_354	gray_zone	0.6383	A0A6M7ZQI8	73.6
jgi-Podcom1-441122-estExt_Genemark4.C_470083	gray_zone	0.6426	A0A9Q9RM93	75.9
jgi-Fusoxy1-520564-estExt_Genewise1Plus.C_13_t10094	gray_zone	0.7876	A0A075G076	53.0
jgi-Morexim1-315203-CE315202_6550	gray_zone	0.8672	A0A8H8SYW4	73.9
jgi-Aspca11822_1-635118-fgenesh1_kg.7_#_993_#_TRINITY_DN2413_c0_g1_i2	gray_zone	0.6376	A0A8H8T062	50.8
jgi-PnitS608_1-791051-estExt_Genewise1Plus.C_150417	gray_zone	0.705	A0A8S2AQA3	68.3
jgi-XylFL0933-68725-CE68724_1639	gray_zone	0.6327	A0A9Q8WAU1	70.3
jgi-Usnflo1-894335-gm1.10544_g	gray_zone	0.702	QWU90274.1	52.6
jgi-FopisF109_1-130458-CE130457_278	gray_zone	0.6612	A0A8S2ADH0	65.8
jgi-Aspoer1-327329-CE327328_12185	gray_zone	0.6242	A0A8H8T062	44.6
jgi-Suiame1-692671-CE692670_14547	gray_zone	0.6156	A0A8H8NSE9	66.9
jgi-Rusrug1-1079451-estExt_Genewise1Plus.C_680020	high_confidence_non_cazyme	0.6058	A0A2H1FWF6	61.9
jgi-Armect1-1466008-estExt_Genewise1Plus.C_2_t20090	high_confidence_non_cazyme	0.6833	A0A8H8P5D7	63.8
